<?xml version="1.0" encoding="utf-8"?>
<browserconfig>
    <msapplication>
        <tile>
            <square70x70logo src="/icons/icons_0/mstile-70x70.png?v=4.50"/>
            <square150x150logo src="/icons/icons_0/mstile-150x150.png?v=4.50"/>
            <square310x310logo src="/icons/icons_0/mstile-310x310.png?v=4.50"/>
            <wide310x150logo src="/icons/icons_0/mstile-310x150.png?v=4.50"/>
            <TileColor>#2b5797</TileColor>
        </tile>
    </msapplication>
</browserconfig>
